location,iso_code,date,total_vaccinations,people_vaccinated,people_fully_vaccinated,total_boosters,daily_vaccinations_raw,daily_vaccinations,total_vaccinations_per_hundred,people_vaccinated_per_hundred,people_fully_vaccinated_per_hundred,total_boosters_per_hundred,daily_vaccinations_per_million,daily_people_vaccinated,daily_people_vaccinated_per_hundred
Mexico,MEX,12/24/2020,2924,2924,,,,,0,0,,,,,
Mexico,MEX,12/25/2020,,,,,,1300,,,,,10,1300,0.001
Mexico,MEX,12/26/2020,,,,,,1300,,,,,10,1300,0.001
Mexico,MEX,12/27/2020,6824,6824,,,,1300,0.01,0.01,,,10,1300,0.001
Mexico,MEX,12/28/2020,9579,9579,,,2755,1664,0.01,0.01,,,13,1664,0.001
Mexico,MEX,12/29/2020,18529,18529,,,8950,3121,0.01,0.01,,,24,3121,0.002
Mexico,MEX,12/30/2020,24998,24998,,,6469,3679,0.02,0.02,,,28,3679,0.003
Mexico,MEX,12/31/2020,,,,,,3695,,,,,28,3695,0.003
Mexico,MEX,1/1/2021,,,,,,4051,,,,,31,4051,0.003
Mexico,MEX,1/2/2021,,,,,,4407,,,,,34,4407,0.003
Mexico,MEX,1/3/2021,,,,,,4763,,,,,37,4763,0.004
Mexico,MEX,1/4/2021,43960,43960,,,,4912,0.03,0.03,,,38,4912,0.004
Mexico,MEX,1/5/2021,48236,48236,,,4276,4244,0.04,0.04,,,33,4244,0.003
Mexico,MEX,1/6/2021,53185,53185,,,4949,4027,0.04,0.04,,,31,4027,0.003
Mexico,MEX,1/7/2021,58402,58402,,,5217,4230,0.04,0.04,,,32,4230,0.003
Mexico,MEX,1/8/2021,67468,67468,,,9066,4984,0.05,0.05,,,38,4984,0.004
Mexico,MEX,1/9/2021,74794,74794,,,7326,5488,0.06,0.06,,,42,5488,0.004
Mexico,MEX,1/10/2021,81300,81300,,,6506,5876,0.06,0.06,,,45,5876,0.005
Mexico,MEX,1/11/2021,87060,87060,,,5760,6157,0.07,0.07,,,47,6157,0.005
Mexico,MEX,1/12/2021,92879,92879,,,5819,6378,0.07,0.07,,,49,6378,0.005
Mexico,MEX,1/13/2021,192567,192567,,,99688,19912,0.15,0.15,,,153,19912,0.015
Mexico,MEX,1/14/2021,329983,329983,,,137416,38797,0.25,0.25,,,298,38797,0.03
Mexico,MEX,1/15/2021,417375,415417,1958,,87392,49987,0.32,0.32,0,,384,49707,0.038
Mexico,MEX,1/16/2021,463246,461025,2221,,45871,55493,0.36,0.35,0,,426,55176,0.042
Mexico,MEX,1/17/2021,472142,468708,3434,,8896,55835,0.36,0.36,0,,429,55344,0.042
Mexico,MEX,1/18/2021,492529,485983,6546,,20387,57924,0.38,0.37,0.01,,445,56989,0.044
Mexico,MEX,1/19/2021,498122,488513,9609,,5593,57892,0.38,0.38,0.01,,444,56519,0.043
Mexico,MEX,1/20/2021,501030,489628,11402,,2908,44066,0.38,0.38,0.01,,338,42437,0.033
Mexico,MEX,1/21/2021,552335,534317,18018,,51305,31765,0.42,0.41,0.01,,244,29191,0.022
Mexico,MEX,1/22/2021,614808,594725,20083,,62473,28205,0.47,0.46,0.02,,217,25615,0.02
Mexico,MEX,1/23/2021,618768,596296,22472,,3960,22217,0.48,0.46,0.02,,171,19324,0.015
Mexico,MEX,1/24/2021,629626,604441,25185,,10858,22498,0.48,0.46,0.02,,173,19390,0.015
Mexico,MEX,1/25/2021,645105,616390,28715,,15479,21797,0.5,0.47,0.02,,167,18630,0.014
Mexico,MEX,1/26/2021,652319,621005,31314,,7214,22028,0.5,0.48,0.02,,169,18927,0.015
Mexico,MEX,1/27/2021,656044,624730,31314,,3725,22145,0.5,0.48,0.02,,170,19300,0.015
Mexico,MEX,1/28/2021,657842,626528,31314,,1798,15072,0.51,0.48,0.02,,116,13173,0.01
Mexico,MEX,1/29/2021,662217,630820,31397,,4375,6773,0.51,0.48,0.02,,52,5156,0.004
Mexico,MEX,1/30/2021,670307,631298,39009,,8090,7363,0.51,0.48,0.03,,57,5000,0.004
Mexico,MEX,1/31/2021,673327,631485,41842,,3020,6243,0.52,0.48,0.03,,48,3863,0.003
Mexico,MEX,2/1/2021,675202,631747,43455,,1875,4300,0.52,0.48,0.03,,33,2194,0.002
Mexico,MEX,2/2/2021,677539,631791,45748,,2337,3603,0.52,0.49,0.04,,28,1541,0.001
Mexico,MEX,2/3/2021,686601,632439,54162,,9062,4365,0.53,0.49,0.04,,34,1101,0.001
Mexico,MEX,2/4/2021,695088,634346,60742,,8487,5321,0.53,0.49,0.05,,41,1117,0.001
Mexico,MEX,2/5/2021,700316,636070,64246,,5228,5443,0.54,0.49,0.05,,42,750,0.001
Mexico,MEX,2/6/2021,710198,637098,73100,,9882,5699,0.55,0.49,0.06,,44,829,0.001
Mexico,MEX,2/7/2021,713517,637681,75836,,3319,5741,0.55,0.49,0.06,,44,885,0.001
Mexico,MEX,2/8/2021,717820,638391,79429,,4303,6088,0.55,0.49,0.06,,47,949,0.001
Mexico,MEX,2/9/2021,,,,,,6246,,,,,48,1066,0.001
Mexico,MEX,2/10/2021,724707,640115,84592,,,5444,0.56,0.49,0.06,,42,1097,0.001
Mexico,MEX,2/11/2021,725447,640115,85332,,740,4337,0.56,0.49,0.07,,33,824,0.001
Mexico,MEX,2/12/2021,726002,640115,85887,,555,3669,0.56,0.49,0.07,,28,578,0
Mexico,MEX,2/13/2021,726313,640125,86188,,311,2302,0.56,0.49,0.07,,18,432,0
Mexico,MEX,2/14/2021,,,,,,3497,,,,,27,2018,0.002
Mexico,MEX,2/15/2021,749682,663484,86198,,,4552,0.58,0.51,0.07,,35,3585,0.003
Mexico,MEX,2/16/2021,915383,829185,86198,,165701,27731,0.7,0.64,0.07,,213,27133,0.021
Mexico,MEX,2/17/2021,1058139,958473,99666,,142756,47633,0.81,0.74,0.08,,366,45480,0.035
Mexico,MEX,2/18/2021,1318055,,,,259916,84658,1.01,,,,650,59534,0.046
Mexico,MEX,2/19/2021,1574158,1155227,418931,,256103,121165,1.21,0.89,0.32,,930,73587,0.056
Mexico,MEX,2/20/2021,1656304,1210886,445418,,82146,132856,1.27,0.93,0.34,,1020,81537,0.063
Mexico,MEX,2/21/2021,1689158,1236103,453055,,32854,135880,1.3,0.95,0.35,,1043,83471,0.064
Mexico,MEX,2/22/2021,1733404,1277187,456217,,44246,140532,1.33,0.98,0.35,,1079,87672,0.067
Mexico,MEX,2/23/2021,1801156,1336854,464302,,67752,126539,1.38,1.03,0.36,,971,72524,0.056
Mexico,MEX,2/24/2021,1900784,1425395,475389,,99628,120378,1.46,1.09,0.36,,924,66703,0.051
Mexico,MEX,2/25/2021,2088813,1562401,526412,,188029,110108,1.6,1.2,0.4,,845,72222,0.055
Mexico,MEX,2/26/2021,2271032,1708721,562311,,182219,99553,1.74,1.31,0.43,,764,79071,0.061
Mexico,MEX,2/27/2021,2383411,1818034,565377,,112379,103872,1.83,1.4,0.43,,797,86735,0.067
Mexico,MEX,2/28/2021,2455095,1889672,565423,,71684,109420,1.88,1.45,0.43,,840,93367,0.072
Mexico,MEX,3/1/2021,2526863,1959525,567338,,71768,113351,1.94,1.5,0.44,,870,97477,0.075
Mexico,MEX,3/2/2021,2583435,2012853,570582,,56572,111754,1.98,1.55,0.44,,858,96571,0.074
Mexico,MEX,3/3/2021,2633580,2043941,589639,,50145,104685,2.02,1.57,0.45,,804,88364,0.068
Mexico,MEX,3/4/2021,2676035,,,,42455,83889,2.05,,,,644,74850,0.057
Mexico,MEX,3/5/2021,2731900,2128766,603134,,55865,65838,2.1,1.63,0.46,,505,60006,0.046
Mexico,MEX,3/6/2021,2765805,2162358,603447,,33905,54628,2.12,1.66,0.46,,419,49189,0.038
Mexico,MEX,3/7/2021,2793106,,,,27301,48287,2.14,,,,371,44879,0.034
Mexico,MEX,3/8/2021,2849630,2245291,604339,,56524,46110,2.19,1.72,0.46,,354,40824,0.031
Mexico,MEX,3/9/2021,3100868,2495067,605801,,251238,73919,2.38,1.92,0.47,,567,68888,0.053
Mexico,MEX,3/10/2021,3488000,2882000,606000,,387132,122060,2.68,2.21,0.47,,937,119723,0.092
Mexico,MEX,3/11/2021,3800000,,,,312000,160566,2.92,,,,1233,150355,0.115
Mexico,MEX,3/12/2021,4005131,3395671,609460,,205131,181890,3.07,2.61,0.47,,1396,180986,0.139
Mexico,MEX,3/13/2021,4214294,3604420,609874,,209163,206927,3.24,2.77,0.47,,1589,206009,0.158
Mexico,MEX,3/14/2021,4339926,3730045,609881,,125632,220974,3.33,2.86,0.47,,1696,218032,0.167
Mexico,MEX,3/15/2021,4404608,3794719,609889,,64682,222140,3.38,2.91,0.47,,1705,221347,0.17
Mexico,MEX,3/16/2021,4530784,,,,126176,204274,3.48,,,,1568,208238,0.16
Mexico,MEX,3/17/2021,4737622,4110741,626881,,206838,178517,3.64,3.16,0.48,,1370,175534,0.135
Mexico,MEX,3/18/2021,4947522,4300720,646802,,209900,163932,3.8,3.3,0.5,,1258,165984,0.127
Mexico,MEX,3/19/2021,5186751,,,,239229,168803,3.98,,,,1296,162338,0.125
Mexico,MEX,3/20/2021,5459014,4763347,695667,,272263,177817,4.19,3.66,0.53,,1365,165561,0.127
Mexico,MEX,3/21/2021,5612291,4895523,716768,,153277,181766,4.31,3.76,0.55,,1395,166497,0.128
Mexico,MEX,3/22/2021,5781359,5046896,734463,,169068,196679,4.44,3.87,0.56,,1510,178882,0.137
Mexico,MEX,3/23/2021,5926967,,,,145608,199455,4.55,,,,1531,178054,0.137
Mexico,MEX,3/24/2021,6119298,5351319,767979,,192331,197382,4.7,4.11,0.59,,1515,177225,0.136
Mexico,MEX,3/25/2021,6243886,5460096,783790,,124588,185195,4.79,4.19,0.6,,1422,165625,0.127
Mexico,MEX,3/26/2021,6487170,5675286,811884,,243284,185774,4.98,4.36,0.62,,1426,163322,0.125
Mexico,MEX,3/27/2021,6724789,5901505,823284,,237619,180825,5.16,4.53,0.63,,1388,162594,0.125
Mexico,MEX,3/28/2021,6852596,,,,127807,177186,5.26,,,,1360,162712,0.125
Mexico,MEX,3/29/2021,7018449,6167510,850939,,165853,176727,5.39,4.73,0.65,,1357,160088,0.123
Mexico,MEX,3/30/2021,7404912,,,,386463,211135,5.68,,,,1621,191036,0.147
Mexico,MEX,3/31/2021,7851053,6905214,945839,,446141,247394,6.03,5.3,0.73,,1899,221985,0.17
Mexico,MEX,4/1/2021,,,,,,286266,,,,,2198,255082,0.196
Mexico,MEX,4/2/2021,8644446,7586131,1058315,,,308182,6.64,5.82,0.81,,2366,272978,0.21
Mexico,MEX,4/3/2021,8987190,7903660,1083530,,342744,323200,6.9,6.07,0.83,,2481,286022,0.22
Mexico,MEX,4/4/2021,9036000,7924236,1111764,,48810,311915,6.94,6.08,0.85,,2395,269961,0.207
Mexico,MEX,4/5/2021,9287405,8113230,1174175,,251405,324137,7.13,6.23,0.9,,2488,277960,0.213
Mexico,MEX,4/6/2021,9675517,8372272,1303245,,388112,324372,7.43,6.43,1,,2490,262273,0.201
Mexico,MEX,4/7/2021,10089420,8617038,1472382,,413903,319767,7.75,6.62,1.13,,2455,244546,0.188
Mexico,MEX,4/8/2021,10642873,9232815,1664658,,553453,342160,8.17,7.09,1.28,,2627,283878,0.218
Mexico,MEX,4/9/2021,10984869,9426179,1855048,,341996,334346,8.43,7.24,1.42,,2567,262864,0.202
Mexico,MEX,4/10/2021,11204183,9552933,1976517,,219314,316713,8.6,7.33,1.52,,2431,235610,0.181
Mexico,MEX,4/11/2021,11395137,9673708,2069821,,190954,337020,8.75,7.43,1.59,,2587,249925,0.192
Mexico,MEX,4/12/2021,11703164,9871026,2223846,,308027,345108,8.98,7.58,1.71,,2649,251114,0.193
Mexico,MEX,4/13/2021,12407625,10310521,2632006,,704461,390301,9.53,7.92,2.02,,2996,276893,0.213
Mexico,MEX,4/14/2021,12912963,10581915,2954683,,505338,403363,9.91,8.12,2.27,,3097,280697,0.215
Mexico,MEX,4/15/2021,13421708,10837356,3286908,,508745,396976,10.3,8.32,2.52,,3048,229220,0.176
Mexico,MEX,4/16/2021,13978181,11067294,3681064,,556473,427616,10.73,8.5,2.83,,3283,234445,0.18
Mexico,MEX,4/17/2021,14240830,11196970,3844491,,262649,433807,10.93,8.6,2.95,,3330,234862,0.18
Mexico,MEX,4/18/2021,14368074,11253761,3927307,,127244,424705,11.03,8.64,3.01,,3260,225722,0.173
Mexico,MEX,4/19/2021,14571509,11288822,4111121,,203435,409764,11.19,8.67,3.16,,3146,202542,0.155
Mexico,MEX,4/20/2021,15003610,11449064,4512826,,432101,370855,11.52,8.79,3.46,,2847,162649,0.125
Mexico,MEX,4/21/2021,15477517,11622868,4978670,,473907,366365,11.88,8.92,3.82,,2813,148708,0.114
Mexico,MEX,4/22/2021,15874809,11807897,5347232,,397292,350443,12.19,9.06,4.1,,2690,138649,0.106
Mexico,MEX,4/23/2021,16214484,11961104,5646105,,339675,319472,12.45,9.18,4.33,,2453,127687,0.098
Mexico,MEX,4/24/2021,16410034,12038498,5830079,,195550,309886,12.6,9.24,4.48,,2379,120218,0.092
Mexico,MEX,4/25/2021,16501739,12054021,5917676,,91705,304809,12.67,9.25,4.54,,2340,114323,0.088
Mexico,MEX,4/26/2021,16687189,12096308,6096954,,185450,302240,12.81,9.29,4.68,,2320,115355,0.089
Mexico,MEX,4/27/2021,,,,,,288426,,,,,2214,102425,0.079
Mexico,MEX,4/28/2021,17357993,12235767,6752282,,,268639,13.33,9.39,5.18,,2062,87557,0.067
Mexico,MEX,4/29/2021,17718806,12354467,7100269,,360813,263428,13.6,9.48,5.45,,2022,78081,0.06
Mexico,MEX,4/30/2021,18080005,12477933,7440439,,361199,266503,13.88,9.58,5.71,,2046,73833,0.057
Mexico,MEX,5/1/2021,18326726,12572997,7650150,,246721,273813,14.07,9.65,5.87,,2102,76357,0.059
Mexico,MEX,5/2/2021,18471669,12625860,7792707,,144943,281419,14.18,9.69,5.98,,2160,81691,0.063
Mexico,MEX,5/3/2021,18827623,12740897,,,355954,305776,14.45,9.78,,,2347,92084,0.071
Mexico,MEX,5/4/2021,19340234,12984236,8418291,,512611,331092,14.85,9.97,6.46,,2542,116886,0.09
Mexico,MEX,5/5/2021,19951121,13328238,8790655,,610887,370447,15.32,10.23,6.75,,2844,156067,0.12
Mexico,MEX,5/6/2021,20540830,13715159,9092249,,589709,403146,15.77,10.53,6.98,,3095,194385,0.149
Mexico,MEX,5/7/2021,21008618,14021482,9325576,,467788,418373,16.13,10.76,7.16,,3212,220507,0.169
Mexico,MEX,5/8/2021,21228359,14148207,9440251,,219741,414519,16.3,10.86,7.25,,3182,225030,0.173
Mexico,MEX,5/9/2021,21300414,14176406,9486795,,72055,404106,16.35,10.88,7.28,,3102,221507,0.17
Mexico,MEX,5/10/2021,,,,,,373889,,,,,2870,218791,0.168
Mexico,MEX,5/11/2021,21589272,14368460,9500000,,,321291,16.57,11.03,7.29,,2466,197746,0.152
Mexico,MEX,5/12/2021,21986456,14673682,9861173,,397184,290762,16.88,11.26,7.57,,2232,192206,0.148
Mexico,MEX,5/13/2021,22413285,14996844,10108593,,426829,267494,17.21,11.51,7.76,,2054,183098,0.141
Mexico,MEX,5/14/2021,,,,,,236628,,,,,1817,161116,0.124
Mexico,MEX,5/15/2021,,,,,,241197,,,,,1852,164791,0.127
Mexico,MEX,5/16/2021,23168462,15454195,10604476,,,266864,17.79,11.86,8.14,,2049,182541,0.14
Mexico,MEX,5/17/2021,23301884,15544106,10652500,,133422,265292,17.89,11.93,8.18,,2037,181668,0.139
Mexico,MEX,5/18/2021,,,,,,310474,,,,,2383,212917,0.163
Mexico,MEX,5/19/2021,24223297,16173646,11131624,,,319549,18.6,12.42,8.55,,2453,214281,0.164
Mexico,MEX,5/20/2021,24988066,16819083,11384107,,764769,367826,19.18,12.91,8.74,,2824,260320,0.2
Mexico,MEX,5/21/2021,25626413,17386061,11584756,,638347,423057,19.67,13.35,8.89,,3248,319538,0.245
Mexico,MEX,5/22/2021,26148948,17858127,11720188,,522535,461745,20.07,13.71,9,,3545,365197,0.28
Mexico,MEX,5/23/2021,26478866,18170321,11784494,,329918,472915,20.33,13.95,9.05,,3630,388018,0.298
Mexico,MEX,5/24/2021,26655760,18338034,11794554,,176894,479125,20.46,14.08,9.05,,3678,399133,0.306
Mexico,MEX,5/25/2021,26953788,18610667,11832208,,298028,455885,20.69,14.29,9.08,,3500,393113,0.302
Mexico,MEX,5/26/2021,27709853,19327543,11919690,,756065,498079,21.27,14.84,9.15,,3824,450557,0.346
Mexico,MEX,5/27/2021,,,,,,498123,,,,,3824,457902,0.352
Mexico,MEX,5/28/2021,29239997,20721248,12204779,,,516226,22.45,15.91,9.37,,3963,476455,0.366
Mexico,MEX,5/29/2021,29861331,21259657,12320589,,621334,530340,22.92,16.32,9.46,,4071,485933,0.373
Mexico,MEX,5/30/2021,30293682,21636247,12390240,,432351,544974,23.26,16.61,9.51,,4184,495132,0.38
Mexico,MEX,5/31/2021,30477703,21796967,12415247,,184021,545992,23.4,16.73,9.53,,4191,494133,0.379
Mexico,MEX,6/1/2021,30990908,22043213,12604789,,513205,576731,23.79,16.92,9.68,,4427,490364,0.376
Mexico,MEX,6/2/2021,31811931,22633460,12919455,,821023,586011,24.42,17.38,9.92,,4499,472274,0.363
Mexico,MEX,6/3/2021,32874857,23200887,13417362,,1062926,628562,25.24,17.81,10.3,,4825,453784,0.348
Mexico,MEX,6/4/2021,33779982,23730336,13801863,,905125,648569,25.93,18.22,10.6,,4979,429870,0.33
Mexico,MEX,6/5/2021,34457602,24098361,14118256,,677620,656610,26.45,18.5,10.84,,5041,405529,0.311
Mexico,MEX,6/6/2021,,,,,,609199,,,,,4677,360724,0.277
Mexico,MEX,6/7/2021,34658545,24224273,14193288,,,597263,26.61,18.6,10.9,,4585,346758,0.266
Mexico,MEX,6/8/2021,35166248,24570319,14358881,,507703,596477,27,18.86,11.02,,4579,361015,0.277
Mexico,MEX,6/9/2021,36164011,25306211,14639188,,997763,621726,27.76,19.43,11.24,,4773,381822,0.293
Mexico,MEX,6/10/2021,36430953,25465992,14747978,,266942,508014,27.97,19.55,11.32,,3900,323586,0.248
Mexico,MEX,6/11/2021,36983641,25860841,14911487,,552688,457666,28.39,19.85,11.45,,3513,304358,0.234
Mexico,MEX,6/12/2021,37294959,26081614,15003652,,311318,405337,28.63,20.02,11.52,,3112,283322,0.218
Mexico,MEX,6/13/2021,37521976,26251224,15062873,,227017,423415,28.8,20.15,11.56,,3250,298558,0.229
Mexico,MEX,6/14/2021,37803462,26422800,15175659,,281486,449274,29.02,20.28,11.65,,3449,314075,0.241
Mexico,MEX,6/15/2021,38248562,26665789,15383285,,445100,440331,29.36,20.47,11.81,,3380,299353,0.23
Mexico,MEX,6/16/2021,38633462,26886856,15551250,,384900,352779,29.66,20.64,11.94,,2708,225806,0.173
Mexico,MEX,6/17/2021,39153336,27253174,15825432,,519874,388912,30.06,20.92,12.15,,2986,255312,0.196
Mexico,MEX,6/18/2021,39623088,27543142,16177003,,469752,377064,30.42,21.14,12.42,,2895,240329,0.184
Mexico,MEX,6/19/2021,40031327,27753807,16526469,,408239,390910,30.73,21.31,12.69,,3001,238885,0.183
Mexico,MEX,6/20/2021,40227974,27896212,16695831,,196647,386571,30.88,21.42,12.82,,2968,234998,0.18
Mexico,MEX,6/21/2021,40700954,28198409,17047687,,472980,413927,31.25,21.65,13.09,,3178,253658,0.195
Mexico,MEX,6/22/2021,41368066,28590500,17463895,,667112,445643,31.76,21.95,13.41,,3421,274959,0.211
Mexico,MEX,6/23/2021,42155839,29099499,18006199,,787773,503197,32.36,22.34,13.82,,3863,316092,0.243
Mexico,MEX,6/24/2021,42791467,29520484,18350137,,635628,519733,32.85,22.66,14.09,,3990,323901,0.249
Mexico,MEX,6/25/2021,43369096,29847977,18634875,,577629,535144,33.29,22.91,14.31,,4108,329262,0.253
Mexico,MEX,6/26/2021,43753814,30009547,18863087,,384718,531784,33.59,23.04,14.48,,4082,322249,0.247
Mexico,MEX,6/27/2021,43912990,30078813,18953253,,159176,526431,33.71,23.09,14.55,,4041,311800,0.239
Mexico,MEX,6/28/2021,44385584,30385823,19126940,,472594,526376,34.07,23.33,14.68,,4041,312488,0.24
Mexico,MEX,6/29/2021,45113218,30903150,19358590,,727634,535022,34.63,23.72,14.86,,4107,330379,0.254
Mexico,MEX,6/30/2021,45898210,31510606,19566228,,784992,534624,35.24,24.19,15.02,,4104,344444,0.264
Mexico,MEX,7/1/2021,46451716,31960060,19686818,,553506,522893,35.66,24.54,15.11,,4014,348511,0.268
Mexico,MEX,7/2/2021,46945511,32397097,19755489,,493795,510916,36.04,24.87,15.17,,3922,364160,0.28
Mexico,MEX,7/3/2021,,,,,,473956,,,,,3638,353826,0.272
Mexico,MEX,7/4/2021,47197494,32575554,19829015,,,469215,36.23,25.01,15.22,,3602,356677,0.274
Mexico,MEX,7/5/2021,47739783,33002466,19937022,,542289,479171,36.65,25.34,15.31,,3679,373806,0.287
Mexico,MEX,7/6/2021,48499324,33691170,20040922,,759541,483729,37.23,25.86,15.39,,3714,398289,0.306
Mexico,MEX,7/7/2021,49202252,34155903,20355222,,702928,472006,37.77,26.22,15.63,,3624,377900,0.29
Mexico,MEX,7/8/2021,49857020,34627540,20548715,,654768,486472,38.27,26.58,15.77,,3735,381069,0.293
Mexico,MEX,7/9/2021,50362218,35065569,20621383,,505198,488101,38.66,26.92,15.83,,3747,381210,0.293
Mexico,MEX,7/10/2021,50698518,35287821,20736615,,336300,518145,38.92,27.09,15.92,,3978,400214,0.307
Mexico,MEX,7/11/2021,50817979,35378414,20766146,,119461,517212,39.01,27.16,15.94,,3971,400409,0.307
Mexico,MEX,7/12/2021,51331578,35728222,20945773,,513599,513114,39.41,27.43,16.08,,3939,389394,0.299
Mexico,MEX,7/13/2021,51986413,36230549,21108633,,654835,498156,39.91,27.81,16.2,,3824,362768,0.278
Mexico,MEX,7/14/2021,52704960,36789100,21274238,,718547,500387,40.46,28.24,16.33,,3841,376171,0.289
Mexico,MEX,7/15/2021,53342673,37307725,21396576,,637713,497950,40.95,28.64,16.43,,3823,382884,0.294
Mexico,MEX,7/16/2021,53915023,37759104,21525199,,572350,507544,41.39,28.99,16.52,,3896,384791,0.295
Mexico,MEX,7/17/2021,54282399,38029139,21626694,,367376,511983,41.67,29.19,16.6,,3930,391617,0.301
Mexico,MEX,7/18/2021,54542551,38222492,21700199,,260152,532082,41.87,29.34,16.66,,4085,406297,0.312
Mexico,MEX,7/19/2021,,,,,,499080,,,,,3831,376667,0.289
Mexico,MEX,7/20/2021,55107724,38507285,21996462,,,445902,42.31,29.56,16.89,,3423,325248,0.25
Mexico,MEX,7/21/2021,55911861,39043948,22290247,,804137,458129,42.92,29.97,17.11,,3517,322121,0.247
Mexico,MEX,7/22/2021,56872930,39725060,22613981,,961069,504322,43.66,30.5,17.36,,3872,345334,0.265
Mexico,MEX,7/23/2021,58249143,40632434,23121276,,1376213,619160,44.72,31.19,17.75,,4753,410476,0.315
Mexico,MEX,7/24/2021,59580006,41539250,23602901,,1330863,756801,45.74,31.89,18.12,,5810,501444,0.385
Mexico,MEX,7/25/2021,60558289,42180955,23955609,,978283,859391,46.49,32.38,18.39,,6597,565495,0.434
Mexico,MEX,7/26/2021,60885690,42429051,24048259,,327401,865793,46.74,32.57,18.46,,6647,580595,0.446
Mexico,MEX,7/27/2021,61858631,43089310,24428264,,972941,964415,47.49,33.08,18.75,,7404,654575,0.503
Mexico,MEX,7/28/2021,63313209,44188943,24856170,,1454578,1057335,48.6,33.92,19.08,,8117,734999,0.564
Mexico,MEX,7/29/2021,64489596,45066028,25205090,,1176387,1088095,49.51,34.6,19.35,,8353,762995,0.586
Mexico,MEX,7/30/2021,65631680,45952314,25511123,,1142084,1054648,50.38,35.28,19.58,,8096,759983,0.583
Mexico,MEX,7/31/2021,66712486,46866125,25727786,,1080806,1018926,51.21,35.98,19.75,,7822,760982,0.584
Mexico,MEX,8/1/2021,67355342,47463637,25792543,,642856,971008,51.71,36.44,19.8,,7454,754669,0.579
Mexico,MEX,8/2/2021,67594385,47690704,25808916,,239043,958385,51.89,36.61,19.81,,7357,751665,0.577
Mexico,MEX,8/3/2021,68089659,48095458,25912407,,495274,890147,52.27,36.92,19.89,,6834,715164,0.549
Mexico,MEX,8/4/2021,68825948,48616734,26152992,,736289,787534,52.84,37.32,20.08,,6046,632542,0.486
Mexico,MEX,8/5/2021,69820231,49299175,26503580,,994283,761519,53.6,37.85,20.35,,5846,604735,0.464
Mexico,MEX,8/6/2021,70808386,49994722,26834257,,988155,739529,54.36,38.38,20.6,,5677,577487,0.443
Mexico,MEX,8/7/2021,,,,,,645599,,,,,4956,488147,0.375
Mexico,MEX,8/8/2021,71654978,50571586,27134249,,,614234,55.01,38.82,20.83,,4715,443993,0.341
Mexico,MEX,8/9/2021,72132661,50835215,27363404,,477683,648325,55.37,39.03,21.01,,4977,449216,0.345
Mexico,MEX,8/10/2021,72488230,51061391,27502230,,355569,628367,55.65,39.2,21.11,,4824,423705,0.325
Mexico,MEX,8/11/2021,72986350,51404453,27677695,,498120,594343,56.03,39.46,21.25,,4563,398246,0.306
Mexico,MEX,8/12/2021,73771750,51914599,28011649,,785400,564503,56.63,39.85,21.5,,4334,373632,0.287
Mexico,MEX,8/13/2021,74802779,52624341,28384141,,1031029,570628,57.42,40.4,21.79,,4381,375660,0.288
Mexico,MEX,8/14/2021,75780229,53298457,28746570,,977450,649792,58.18,40.92,22.07,,4988,430758,0.331
Mexico,MEX,8/15/2021,76587422,53837225,29046598,,807193,704635,58.79,41.33,22.3,,5409,466520,0.358
Mexico,MEX,8/16/2021,77225451,54305039,29239686,,638029,727541,59.28,41.69,22.45,,5585,495689,0.381
Mexico,MEX,8/17/2021,77573466,54532420,29402096,,348015,726462,59.55,41.86,22.57,,5577,495861,0.381
Mexico,MEX,8/18/2021,78765073,55307523,29903441,,1191607,825532,60.47,42.46,22.96,,6337,557581,0.428
Mexico,MEX,8/19/2021,79399398,55643238,30219721,,634325,803950,60.95,42.72,23.2,,6172,532663,0.409
Mexico,MEX,8/20/2021,79933762,55928566,30490131,,534364,732998,61.36,42.94,23.41,,5627,472032,0.362
Mexico,MEX,8/21/2021,80404167,56165373,30746818,,470405,660563,61.72,43.12,23.6,,5071,409559,0.314
Mexico,MEX,8/22/2021,80683665,56277083,30919930,,279498,585178,61.94,43.2,23.74,,4492,348551,0.268
Mexico,MEX,8/23/2021,80886612,56409551,30991824,,202947,523023,62.1,43.3,23.79,,4015,300645,0.231
Mexico,MEX,8/24/2021,81274760,56575083,31219643,,388148,528756,62.39,43.43,23.97,,4059,291809,0.224
Mexico,MEX,8/25/2021,81923702,56742139,31703790,,648942,451233,62.89,43.56,24.34,,3464,204945,0.157
Mexico,MEX,8/26/2021,82678717,56925095,32278249,,755015,468474,63.47,43.7,24.78,,3596,183122,0.141
Mexico,MEX,8/27/2021,83433577,57164235,32801616,,754860,499974,64.05,43.88,25.18,,3838,176524,0.136
Mexico,MEX,8/28/2021,84026447,57343646,33220439,,592870,517469,64.51,44.02,25.5,,3973,168325,0.129
Mexico,MEX,8/29/2021,84379551,57440626,33489676,,353104,527984,64.78,44.1,25.71,,4053,166220,0.128
Mexico,MEX,8/30/2021,84549082,57547462,33620717,,169531,523210,64.91,44.18,25.81,,4017,162559,0.125
Mexico,MEX,8/31/2021,84946443,57798967,33922392,,397361,524526,65.21,44.37,26.04,,4027,174841,0.134
Mexico,MEX,9/1/2021,85375481,58008815,34282292,,429038,493111,65.54,44.53,26.32,,3786,180954,0.139
Mexico,MEX,9/2/2021,85845792,58238589,34656277,,470311,452439,65.9,44.71,26.61,,3473,187642,0.144
Mexico,MEX,9/3/2021,,,,,,412298,,,,,3165,189981,0.146
Mexico,MEX,9/4/2021,86793531,58749621,35425324,,,395298,66.63,45.1,27.2,,3035,200854,0.154
Mexico,MEX,9/5/2021,87014220,58906303,35623880,,220689,376381,66.8,45.22,27.35,,2889,209382,0.161
Mexico,MEX,9/6/2021,87224714,59059884,35813552,,210494,382233,66.96,45.34,27.49,,2934,216060,0.166
Mexico,MEX,9/7/2021,87750381,59334972,36190731,,525667,400563,67.36,45.55,27.78,,3075,219429,0.168
Mexico,MEX,9/8/2021,,,,,,399475,,,,,3067,209437,0.161
Mexico,MEX,9/9/2021,88593229,59614774,36864200,,,392491,68.01,45.77,28.3,,3013,196598,0.151
Mexico,MEX,9/10/2021,90366606,60186714,38161378,,1773377,578135,69.37,46.2,29.3,,4438,241801,0.186
Mexico,MEX,9/11/2021,91182279,60468615,38782067,,815673,626964,70,46.42,29.77,,4813,245571,0.189
Mexico,MEX,9/12/2021,91720391,60759845,39070943,,538112,672310,70.41,46.64,29.99,,5161,264792,0.203
Mexico,MEX,9/13/2021,92080595,60921470,39319931,,360204,693697,70.69,46.77,30.19,,5325,265941,0.204
Mexico,MEX,9/14/2021,92749295,61175097,39850745,,668700,714131,71.2,46.96,30.59,,5482,262875,0.202
Mexico,MEX,9/15/2021,93588719,61407799,40532869,,839424,773845,71.85,47.14,31.12,,5941,276132,0.212
Mexico,MEX,9/16/2021,94144251,61573170,40997724,,555532,793003,72.27,47.27,31.47,,6088,279771,0.215
Mexico,MEX,9/17/2021,94300526,61616895,41115211,,156275,561989,72.39,47.3,31.56,,4314,204312,0.157
Mexico,MEX,9/18/2021,94858068,61886401,41463209,,557542,525113,72.82,47.51,31.83,,4031,202541,0.155
Mexico,MEX,9/19/2021,95271399,62089019,41698947,,413331,507287,73.14,47.66,32.01,,3894,189882,0.146
Mexico,MEX,9/20/2021,95638622,62254786,41918336,,367223,508290,73.42,47.79,32.18,,3902,190474,0.146
Mexico,MEX,9/21/2021,96080633,62466037,42200082,,442011,475905,73.76,47.95,32.4,,3653,184420,0.142
Mexico,MEX,9/22/2021,96793184,62692366,42715579,,712551,457781,74.31,48.13,32.79,,3514,183510,0.141
Mexico,MEX,9/23/2021,97523713,62911164,43248659,,730529,482780,74.87,48.3,33.2,,3706,191142,0.147
Mexico,MEX,9/24/2021,98282544,63125382,43820430,,758831,568860,75.45,48.46,33.64,,4367,215498,0.165
Mexico,MEX,9/25/2021,98895325,63317849,44278675,,612781,576751,75.92,48.61,33.99,,4428,204493,0.157
Mexico,MEX,9/26/2021,99186517,63396136,44511000,,291192,559303,76.14,48.67,34.17,,4294,186731,0.143
Mexico,MEX,9/27/2021,99366403,63473608,44626347,,179886,532540,76.28,48.73,34.26,,4088,174117,0.134
Mexico,MEX,9/28/2021,99868671,63550739,44902572,,502268,541148,76.67,48.79,34.47,,4154,154957,0.119
Mexico,MEX,9/29/2021,100516964,63719420,45284037,,648293,531969,77.17,48.92,34.76,,4084,146722,0.113
Mexico,MEX,9/30/2021,101190484,63913428,45572525,,673520,523824,77.68,49.07,34.99,,4021,143181,0.11
Mexico,MEX,10/1/2021,,,,,,457701,,,,,3514,122260,0.094
Mexico,MEX,10/2/2021,101782415,64048979,45794439,,,412441,78.14,49.17,35.16,,3166,104447,0.08
Mexico,MEX,10/3/2021,,,,,,432343,,,,,3319,112843,0.087
Mexico,MEX,10/4/2021,102643418,64323090,46054543,,,468145,78.8,49.38,35.36,,3594,121355,0.093
Mexico,MEX,10/5/2021,,,,,,532894,,,,,4091,208117,0.16
Mexico,MEX,10/6/2021,104554441,65692031,46309831,,,576782,80.26,50.43,35.55,,4428,281802,0.216
Mexico,MEX,10/7/2021,105320232,65879194,46986802,,765791,589964,80.85,50.57,36.07,,4529,280824,0.216
Mexico,MEX,10/8/2021,106121884,66049447,47692378,,801652,662205,81.47,50.7,36.61,,5084,295463,0.227
Mexico,MEX,10/9/2021,106730702,66225915,48166370,,608818,706898,81.94,50.84,36.98,,5427,310991,0.239
Mexico,MEX,10/10/2021,107154354,66324955,,,423652,705920,82.26,50.92,,,5419,305560,0.235
Mexico,MEX,10/11/2021,107381477,66680553,48482445,,227123,676866,82.43,51.19,37.22,,5196,336780,0.259
Mexico,MEX,10/12/2021,107921674,66900796,48874683,,540197,617535,82.85,51.36,37.52,,4741,270462,0.208
Mexico,MEX,10/13/2021,,,,,,554284,,,,,4255,204122,0.157
Mexico,MEX,10/14/2021,108947179,67340974,49588993,,,518135,83.64,51.7,38.07,,3978,208826,0.16
Mexico,MEX,10/15/2021,,,,,,481107,,,,,3693,213846,0.164
Mexico,MEX,10/16/2021,,,,,,471626,,,,,3621,217978,0.167
Mexico,MEX,10/17/2021,110574539,67957153,50772621,,,488598,84.89,52.17,38.98,,3751,233171,0.179
Mexico,MEX,10/18/2021,112198441,69105502,51291609,,1623902,688138,86.13,53.05,39.38,,5283,346421,0.266
Mexico,MEX,10/19/2021,112603277,69301136,51521552,,404836,668800,86.44,53.2,39.55,,5134,342906,0.263
Mexico,MEX,10/20/2021,112996000,69478811,51763221,,392723,651653,86.75,53.34,39.74,,5003,336847,0.259
Mexico,MEX,10/21/2021,113471215,69612911,52117827,,475215,646291,87.11,53.44,40.01,,4961,324562,0.249
Mexico,MEX,10/22/2021,113957610,69724549,52499013,,486395,638283,87.48,53.53,40.3,,4900,311169,0.239
Mexico,MEX,10/23/2021,114558359,69879788,52949966,,600749,646610,87.94,53.65,40.65,,4964,304004,0.233
Mexico,MEX,10/24/2021,115185985,69974180,53487503,,627626,658778,88.43,53.72,41.06,,5057,288147,0.221
Mexico,MEX,10/25/2021,115624628,70049066,53853917,,438643,489455,88.76,53.78,41.34,,3757,134795,0.103
Mexico,MEX,10/26/2021,117240849,70996565,54683434,,1616221,662510,90,54.5,41.98,,5086,242204,0.186
Mexico,MEX,10/27/2021,,,,,,683024,,,,,5243,234424,0.18
Mexico,MEX,10/28/2021,,,,,,691752,,,,,5310,232869,0.179
Mexico,MEX,10/29/2021,118849796,71366205,55942853,,,698884,91.24,54.79,42.95,,5365,234522,0.18
Mexico,MEX,10/30/2021,126095919,74560444,60366148,,7246123,1648223,96.8,57.24,46.34,,12653,668665,0.513
Mexico,MEX,10/31/2021,126339370,74607721,60565545,,243451,1593341,96.99,57.28,46.5,,12232,661934,0.508
Mexico,MEX,11/1/2021,126429271,74634486,60629516,,89901,1543520,97.06,57.3,46.54,,11849,655060,0.503
Mexico,MEX,11/2/2021,,,,,,1319263,,,,,10128,520271,0.399
Mexico,MEX,11/3/2021,126522110,74642433,60714988,,,1249278,97.13,57.3,46.61,,9590,503236,0.386
Mexico,MEX,11/4/2021,126884663,74687340,61036413,,362553,1224455,97.41,57.34,46.86,,9400,492050,0.378
Mexico,MEX,11/5/2021,,,,,,1212427,,,,,9308,486363,0.373
Mexico,MEX,11/6/2021,,,,,,241855,,,,,1857,41957,0.032
Mexico,MEX,11/7/2021,128241025,74937548,62164245,,,271665,98.45,57.53,47.72,,2086,47118,0.036
Mexico,MEX,11/8/2021,128356362,74953313,62264479,,115337,275299,98.54,57.54,47.8,,2113,45547,0.035
Mexico,MEX,11/9/2021,,,,,,310374,,,,,2383,60517,0.046
Mexico,MEX,11/10/2021,128940251,75170848,62684986,,,345449,98.99,57.71,48.12,,2652,75488,0.058
Mexico,MEX,11/11/2021,129201826,75260370,62881897,,261575,331023,99.19,57.78,48.27,,2541,81861,0.063
Mexico,MEX,11/12/2021,,,,,,295212,,,,,2266,78497,0.06
Mexico,MEX,11/13/2021,,,,,,259400,,,,,1991,75133,0.058
Mexico,MEX,11/14/2021,129806147,75439928,63353433,,,223589,99.65,57.91,48.64,,1716,71769,0.055
Mexico,MEX,11/15/2021,129859458,75455207,63394870,,53311,214728,99.69,57.93,48.67,,1648,71699,0.055
Mexico,MEX,11/16/2021,129874396,75459027,63407243,,14938,175156,99.7,57.93,48.68,,1345,56707,0.044
Mexico,MEX,11/17/2021,129993156,75497762,63495569,,118760,150415,99.79,57.96,48.74,,1155,46702,0.036
Mexico,MEX,11/18/2021,130244910,75577084,63690510,,251754,149012,99.99,58.02,48.89,,1144,45245,0.035
Mexico,MEX,11/19/2021,,,,,,159156,,,,,1222,51549,0.04
Mexico,MEX,11/20/2021,130789808,75785054,64131916,,,169300,100.41,58.18,49.23,,1300,57854,0.044
Mexico,MEX,11/21/2021,130975650,75862107,64249748,,185842,167072,100.55,58.24,49.32,,1283,60311,0.046
Mexico,MEX,11/22/2021,131075161,75896683,64317192,,99511,173672,100.62,58.26,49.38,,1333,63068,0.048
Mexico,MEX,11/23/2021,,,,,,193285,,,,,1484,73212,0.056
Mexico,MEX,11/24/2021,131379625,76046332,64502180,,,198067,100.86,58.38,49.52,,1521,78367,0.06
Mexico,MEX,11/25/2021,131601135,76164064,64618673,,221510,193746,101.03,58.47,49.61,,1487,83854,0.064
Mexico,MEX,11/26/2021,,,,,,190272,,,,,1461,91597,0.07
Mexico,MEX,11/27/2021,132097392,76480431,64830452,,,186798,101.41,58.71,49.77,,1434,99340,0.076
Mexico,MEX,11/28/2021,132308788,76609987,64922896,,211396,190448,101.57,58.81,49.84,,1462,106840,0.082
Mexico,MEX,11/29/2021,132422896,76685147,64971111,,114108,192534,101.66,58.87,49.88,,1478,112638,0.086
Mexico,MEX,11/30/2021,132636811,76845255,65038728,,213915,201345,101.82,58.99,49.93,,1546,124821,0.096
Mexico,MEX,12/1/2021,132840902,77011430,65089672,,204091,208754,101.98,59.12,49.97,,1603,137871,0.106
Mexico,MEX,12/2/2021,133256228,77366309,65166868,,415326,236442,102.3,59.39,50.03,,1815,171749,0.132
Mexico,MEX,12/3/2021,,,,,,254047,,,,,1950,192126,0.147
Mexico,MEX,12/4/2021,,,,,,271653,,,,,2085,212503,0.163
Mexico,MEX,12/5/2021,134370326,78268776,65422436,,,294505,103.15,60.09,50.22,,2261,236970,0.182
Mexico,MEX,12/6/2021,,,,,,309247,,,,,2374,252296,0.194
Mexico,MEX,12/7/2021,,,,,,309731,,,,,2378,255486,0.196
Mexico,MEX,12/8/2021,135022230,78816099,65543077,,,311618,103.65,60.51,50.32,,2392,257810,0.198
Mexico,MEX,12/9/2021,135481459,79202068,65630611,,459229,317890,104.01,60.8,50.38,,2440,262251,0.201
Mexico,MEX,12/10/2021,,,,,,361101,,,,,2772,289985,0.223
Mexico,MEX,12/11/2021,136829147,80191983,66003384,,,404312,105.04,61.56,50.67,,3104,317718,0.244
Mexico,MEX,12/12/2021,137169511,80388496,66150375,,340364,399884,105.3,61.71,50.78,,3070,302817,0.232
Mexico,MEX,12/13/2021,137357032,80503005,66225140,,187521,395629,105.45,61.8,50.84,,3037,293113,0.225
Mexico,MEX,12/14/2021,,,,,,471344,,,,,3618,357577,0.275
Mexico,MEX,12/15/2021,138851637,81770394,66459570,,,547058,106.59,62.77,51.02,,4200,422042,0.324
Mexico,MEX,12/16/2021,139820373,81785946,66586509,,968736,619845,107.34,62.79,51.12,,4758,369125,0.283
Mexico,MEX,12/17/2021,,,,,,614161,,,,,4715,299591,0.23
Mexico,MEX,12/18/2021,,,,,,608477,,,,,4671,230056,0.177
Mexico,MEX,12/19/2021,141722544,81810589,66740075,,,650433,108.8,62.8,51.24,,4993,203156,0.156
Mexico,MEX,12/20/2021,148467260,81913687,72694585,,6744716,1587175,113.98,62.88,55.81,,12184,201526,0.155
Mexico,MEX,12/21/2021,,,,,,1481763,,,,,11375,111033,0.085
Mexico,MEX,12/22/2021,,,,,,1376350,,,,,10566,20540,0.016
Mexico,MEX,12/23/2021,,,,,,1239304,,,,,9514,18352,0.014
Mexico,MEX,12/24/2021,148504910,81914654,72699095,,,1150069,114,62.88,55.81,,8829,17213,0.013
Mexico,MEX,12/25/2021,,,,,,1066078,,,,,8184,16083,0.012
Mexico,MEX,12/26/2021,,,,,,982087,,,,,7539,14952,0.011
Mexico,MEX,12/27/2021,,,,,,25145,,,,,193,266,0
Mexico,MEX,12/28/2021,148689393,81915851,72751888,,,30389,114.15,62.89,55.85,,233,275,0
Mexico,MEX,12/29/2021,,,,,,37963,,,,,291,251,0
Mexico,MEX,12/30/2021,148814260,81916007,72780356,,,45538,114.24,62.89,55.87,,350,228,0
Mexico,MEX,12/31/2021,,,,,,53064,,,,,407,218,0
Mexico,MEX,1/1/2022,148938454,81916351,72846741,,,55346,114.34,62.89,55.92,,425,200,0
Mexico,MEX,1/2/2022,148943207,81916395,72849124,,4753,49436,114.34,62.89,55.92,,380,163,0
Mexico,MEX,1/3/2022,148943382,81916418,72849255,,175,42873,114.34,62.89,55.93,,329,124,0
Mexico,MEX,1/4/2022,149382709,82091136,72881907,,439327,99045,114.68,63.02,55.95,,760,25041,0.019
Mexico,MEX,1/5/2022,149574164,82114490,72979978,,191455,117477,114.83,63.04,56.03,,902,28366,0.022
Mexico,MEX,1/6/2022,150180676,82152852,73347525,,606512,195202,115.29,63.07,56.31,,1499,33835,0.026
Mexico,MEX,1/7/2022,,,,,,278044,,,,,2134,47960,0.037
Mexico,MEX,1/8/2022,151464652,82350939,73840012,,,360885,116.28,63.22,56.69,,2770,62084,0.048
Mexico,MEX,1/9/2022,151945143,82407688,74053608,,480491,428848,116.65,63.26,56.85,,3292,70185,0.054
Mexico,MEX,1/10/2022,152051707,82425639,74107031,,106564,444046,116.73,63.28,56.89,,3409,72746,0.056
Mexico,MEX,1/11/2022,152315526,82482249,74236740,,263819,418974,116.93,63.32,56.99,,3216,55873,0.043
Mexico,MEX,1/12/2022,,,,,,488625,,,,,3751,62868,0.048
Mexico,MEX,1/13/2022,153673555,82626877,74761824,,,498983,117.97,63.43,57.39,,3831,67718,0.052
Mexico,MEX,1/14/2022,154611440,82725740,75060397,,937885,541254,118.69,63.51,57.62,,4155,67692,0.052
Mexico,MEX,1/15/2022,155420388,82815932,75374678,,808948,565105,119.31,63.58,57.86,,4338,66428,0.051
Mexico,MEX,1/16/2022,155882479,82898265,75617241,,462091,562477,119.67,63.64,58.05,,4318,70082,0.054
Mexico,MEX,1/17/2022,,,,,,585596,,,,,4496,71414,0.055
Mexico,MEX,1/18/2022,156419272,82952806,75809119,,,586249,120.08,63.68,58.2,,4501,67222,0.052
Mexico,MEX,1/19/2022,157145915,83002950,76006592,,726643,593054,120.64,63.72,58.35,,4553,64055,0.049
Mexico,MEX,1/20/2022,157875271,83049588,76179149,,729356,600245,121.2,63.76,58.48,,4608,60387,0.046
Mexico,MEX,1/21/2022,158656184,83159111,76345784,,780913,577821,121.8,63.84,58.61,,4436,61910,0.048
Mexico,MEX,1/22/2022,,,,,,592574,,,,,4549,60748,0.047
Mexico,MEX,1/23/2022,160480629,83323226,76519923,,,656879,123.2,63.97,58.74,,5043,60709,0.047
Mexico,MEX,1/24/2022,160816753,83329994,76560077,,336124,666554,123.46,63.97,58.77,,5117,57780,0.044
Mexico,MEX,1/25/2022,161466948,83349759,76618411,,650195,721097,123.96,63.99,58.82,,5536,56708,0.044
Mexico,MEX,1/26/2022,161997209,83386735,76701452,,530261,693042,124.36,64.01,58.88,,5320,54826,0.042
Mexico,MEX,1/27/2022,164844649,83510659,76941127,,2847440,995625,126.55,64.11,59.07,,7643,65867,0.051
Mexico,MEX,1/28/2022,,,,,,917364,,,,,7042,55073,0.042
Mexico,MEX,1/29/2022,,,,,,820345,,,,,6298,48203,0.037
Mexico,MEX,1/30/2022,165543906,83612558,77129336,,,723325,127.09,64.19,59.21,,5553,41333,0.032
Mexico,MEX,1/31/2022,165750330,83620573,77159476,,206424,704797,127.24,64.19,59.23,,5411,41511,0.032
Mexico,MEX,2/1/2022,166102210,83651266,77242259,,351880,662180,127.51,64.22,59.3,,5083,43072,0.033
Mexico,MEX,2/2/2022,166768826,83683108,77298207,,666616,681660,128.03,64.24,59.34,,5233,42339,0.033
Mexico,MEX,2/3/2022,167682458,83729127,77378510,,913632,405401,128.73,64.28,59.4,,3112,31210,0.024
Mexico,MEX,2/4/2022,168535697,83812313,77478070,,853239,493995,129.38,64.34,59.48,,3792,38241,0.029
Mexico,MEX,2/5/2022,,,,,,538711,,,,,4136,39207,0.03
Mexico,MEX,2/6/2022,169627892,83893768,77601746,,,583427,130.22,64.4,59.57,,4479,40173,0.031
Mexico,MEX,2/7/2022,169681294,83903511,77614361,,53402,561566,130.26,64.41,59.58,,4311,40420,0.031
Mexico,MEX,2/8/2022,169815314,83917663,77632311,,134020,530443,130.36,64.42,59.6,,4072,38057,0.029
Mexico,MEX,2/9/2022,170203675,83936198,77659769,,388361,490693,130.66,64.44,59.62,,3767,36156,0.028
Mexico,MEX,2/10/2022,170713604,83967069,77705833,,509929,433021,131.05,64.46,59.65,,3324,33992,0.026
Mexico,MEX,2/11/2022,171453754,84016011,77809539,,740150,416865,131.62,64.5,59.73,,3200,29100,0.022
Mexico,MEX,2/12/2022,172046323,84064526,77885188,,592569,423504,132.08,64.53,59.79,,3251,30212,0.023
Mexico,MEX,2/13/2022,172480864,84097727,77924179,,434541,407567,132.41,64.56,59.82,,3129,29137,0.022
Mexico,MEX,2/14/2022,172673715,84112878,77952732,,192851,427489,132.56,64.57,59.84,,3282,29910,0.023
Mexico,MEX,2/15/2022,173037874,84765334,78499390,,364159,460366,132.84,65.07,60.26,,3534,121096,0.093
Mexico,MEX,2/16/2022,173826545,84782507,78528456,,788671,517553,133.44,65.09,60.28,,3973,120901,0.093
Mexico,MEX,2/17/2022,174967379,84920810,78556148,,1140834,607682,134.32,65.19,60.31,,4665,136249,0.105
Mexico,MEX,2/18/2022,176177592,84958858,78569196,,1210213,674834,135.25,65.22,60.32,,5181,134692,0.103
Mexico,MEX,2/19/2022,,,,,,714560,,,,,5486,133651,0.103
Mexico,MEX,2/20/2022,177918897,85041305,78663516,,,776862,136.59,65.28,60.39,,5964,134797,0.103
Mexico,MEX,2/21/2022,178130383,85050217,78680575,,211486,779524,136.75,65.29,60.4,,5984,133906,0.103
Mexico,MEX,2/22/2022,,,,,,809210,,,,,6212,43086,0.033
Mexico,MEX,2/23/2022,179274307,85083649,78750047,,,778252,137.63,65.32,60.46,,5975,43020,0.033
Mexico,MEX,2/24/2022,180066010,85113370,78798251,,791703,728376,138.23,65.34,60.49,,5592,27509,0.021
Mexico,MEX,2/25/2022,,,,,,630326,,,,,4839,25215,0.019
Mexico,MEX,2/26/2022,,,,,,580785,,,,,4459,22468,0.017
Mexico,MEX,2/27/2022,181637603,85179352,78888689,,,531244,139.44,65.39,60.56,,4078,19721,0.015
Mexico,MEX,2/28/2022,181945907,85192820,78915838,,308304,545075,139.68,65.4,60.58,,4184,20372,0.016
Mexico,MEX,3/1/2022,182185704,85238025,78945844,,239797,497623,139.86,65.44,60.61,,3820,24442,0.019
Mexico,MEX,3/2/2022,182472333,85261393,78987826,,286629,456861,140.08,65.45,60.64,,3507,25392,0.019
Mexico,MEX,3/3/2022,182771895,85292153,79014513,,299562,386555,140.31,65.48,60.66,,2968,25540,0.02
Mexico,MEX,3/4/2022,183043385,85315634,79050604,,271490,350502,140.52,65.5,60.69,,2691,25753,0.02
Mexico,MEX,3/5/2022,,,,,,308976,,,,,2372,24373,0.019
Mexico,MEX,3/6/2022,183509755,85340303,79110688,,,267450,140.88,65.51,60.73,,2053,22993,0.018
Mexico,MEX,3/7/2022,,,,,,251847,,,,,1933,21856,0.017
Mexico,MEX,3/8/2022,183907915,85351315,79157987,,,246030,141.18,65.52,60.77,,1889,16184,0.012
Mexico,MEX,3/9/2022,184272842,85359340,79199042,,364927,257216,141.46,65.53,60.8,,1975,13992,0.011
Mexico,MEX,3/10/2022,184812990,85376554,79235679,,540148,291585,141.88,65.54,60.83,,2238,12057,0.009
Mexico,MEX,3/11/2022,,,,,,347662,,,,,2669,11335,0.009
Mexico,MEX,3/12/2022,186141053,85413399,79345826,,,409212,142.9,65.57,60.91,,3141,12204,0.009
Mexico,MEX,3/13/2022,,,,,,403826,,,,,3100,12126,0.009
Mexico,MEX,3/14/2022,186532017,85436974,79380412,,,403312,143.2,65.59,60.94,,3096,13024,0.01
Mexico,MEX,3/15/2022,186796040,85452359,79411249,,264023,412589,143.4,65.6,60.96,,3167,14435,0.011
Mexico,MEX,3/16/2022,187180552,85465067,79433093,,384512,415387,143.7,65.61,60.98,,3189,15104,0.012
Mexico,MEX,3/17/2022,187650994,85476366,79459368,,470442,405429,144.06,65.62,61,,3112,14259,0.011
Mexico,MEX,3/18/2022,188160158,85502104,79496022,,509164,383305,144.45,65.64,61.03,,2943,15304,0.012
Mexico,MEX,3/19/2022,,,,,,331524,,,,,2545,14590,0.011
Mexico,MEX,3/20/2022,188763277,85528952,79537014,,,346677,144.91,65.66,61.06,,2661,14824,0.011
Mexico,MEX,3/21/2022,188854049,85531580,79546420,,90772,331719,144.98,65.66,61.07,,2547,13515,0.01
Mexico,MEX,3/22/2022,188885665,85533607,79548382,,31616,298518,145,65.66,61.07,,2292,11607,0.009
Mexico,MEX,3/23/2022,189083111,85538032,79562871,,197446,271794,145.16,65.67,61.08,,2087,10424,0.008
Mexico,MEX,3/24/2022,,,,,,256116,,,,,1966,10099,0.008
Mexico,MEX,3/25/2022,189804498,85556080,79625736,,,234906,145.71,65.68,61.13,,1803,7711,0.006
Mexico,MEX,3/26/2022,190197035,85566651,79662373,,392537,247902,146.01,65.69,61.16,,1903,7303,0.006
Mexico,MEX,3/27/2022,190337668,85573127,79686428,,140633,224913,146.12,65.69,61.17,,1727,6311,0.005
Mexico,MEX,3/28/2022,190441475,85575818,79693409,,103807,226775,146.2,65.7,61.18,,1741,6320,0.005
Mexico,MEX,3/29/2022,191907868,85580293,79711762,,1466393,431743,147.32,65.7,61.19,,3314,6669,0.005
Mexico,MEX,3/30/2022,,,,,,428584,,,,,3290,7073,0.005
Mexico,MEX,3/31/2022,,,,,,402104,,,,,3087,6820,0.005
Mexico,MEX,4/1/2022,,,,,,375624,,,,,2884,6567,0.005
Mexico,MEX,4/2/2022,,,,,,344595,,,,,2645,6093,0.005
Mexico,MEX,4/3/2022,,,,,,349553,,,,,2683,6204,0.005
Mexico,MEX,4/4/2022,,,,,,359771,,,,,2762,6856,0.005
Mexico,MEX,4/5/2022,,,,,,175334,,,,,1346,7253,0.006
Mexico,MEX,4/6/2022,,,,,,175334,,,,,1346,7253,0.006
Mexico,MEX,4/7/2022,,,,,,175334,,,,,1346,7253,0.006
Mexico,MEX,4/8/2022,,,,,,175334,,,,,1346,7253,0.006
Mexico,MEX,4/9/2022,,,,,,175334,,,,,1346,7253,0.006
Mexico,MEX,4/10/2022,,,,,,175334,,,,,1346,7253,0.006
Mexico,MEX,4/11/2022,,,,,,175334,,,,,1346,7253,0.006
Mexico,MEX,4/12/2022,,,,,,175334,,,,,1346,7253,0.006
Mexico,MEX,4/13/2022,194537872,85689086,79919412,,,175334,149.34,65.78,61.35,,1346,7253,0.006
Mexico,MEX,4/14/2022,,,,,,185683,,,,,1425,6923,0.005
Mexico,MEX,4/15/2022,,,,,,196033,,,,,1505,6592,0.005
Mexico,MEX,4/16/2022,,,,,,206382,,,,,1584,6262,0.005
Mexico,MEX,4/17/2022,195528994,85708849,79945002,,,216732,150.1,65.8,61.37,,1664,5932,0.005
Mexico,MEX,4/18/2022,,,,,,235007,,,,,1804,5557,0.004
Mexico,MEX,4/19/2022,,,,,,253283,,,,,1944,5183,0.004
Mexico,MEX,4/20/2022,196438782,85722750,,43248573,,271559,150.8,65.81,,33.2,2085,4809,0.004
Mexico,MEX,4/21/2022,196998244,85745934,,43758721,559462,316084,151.23,65.83,,33.59,2427,7415,0.006
Mexico,MEX,4/22/2022,197496797,85767339,,44213119,498553,351909,151.61,65.84,,33.94,2702,9767,0.007
Mexico,MEX,4/23/2022,,,,,,377688,,,,,2899,10916,0.008
Mexico,MEX,4/24/2022,198353262,85793297,,44986463,,403467,152.27,65.86,,34.54,3097,12064,0.009
Mexico,MEX,4/25/2022,198511220,85797486,,45134105,157958,382709,152.39,65.87,,34.65,2938,12000,0.009
Mexico,MEX,4/26/2022,,,,,,382891,,,,,2939,12735,0.01
Mexico,MEX,4/27/2022,,,,,,383073,,,,,2941,13469,0.01
Mexico,MEX,4/28/2022,,,,,,346654,,,,,2661,11553,0.009
Mexico,MEX,4/29/2022,,,,,,318937,,,,,2448,9892,0.008
Mexico,MEX,4/30/2022,,,,,,301266,,,,,2313,9434,0.007
Mexico,MEX,5/1/2022,,,,,,283595,,,,,2177,8976,0.007
Mexico,MEX,5/2/2022,,,,,,304535,,,,,2338,9774,0.008
Mexico,MEX,5/3/2022,,,,,,304535,,,,,2338,9774,0.008
Mexico,MEX,5/4/2022,,,,,,304535,,,,,2338,9774,0.008
Mexico,MEX,5/5/2022,,,,,,304535,,,,,2338,9774,0.008
Mexico,MEX,5/6/2022,201861103,85904997,79947470,48258084,,304535,154.97,65.95,61.37,37.05,2338,9774,0.008
Mexico,MEX,5/7/2022,,,,,,337936,,,,,2594,8750,0.007
Mexico,MEX,5/8/2022,,,,,,371337,,,,,2851,7727,0.006
Mexico,MEX,5/9/2022,,,,,,404738,,,,,3107,6704,0.005
Mexico,MEX,5/10/2022,,,,,,438139,,,,,3364,5680,0.004
Mexico,MEX,5/11/2022,,,,,,471540,,,,,3620,4657,0.004
Mexico,MEX,5/12/2022,,,,,,504941,,,,,3876,3634,0.003
Mexico,MEX,5/13/2022,205629496,85923271,79947470,52940036,,538342,157.86,65.96,61.37,40.64,4133,2611,0.002
Mexico,MEX,5/14/2022,,,,,,523919,,,,,4022,46796,0.036
Mexico,MEX,5/15/2022,,,,,,509497,,,,,3911,90981,0.07
Mexico,MEX,5/16/2022,206941649,86858994,,53001421,,495074,158.87,66.68,,40.69,3801,135166,0.104
Mexico,MEX,5/17/2022,,,,,,418168,,,,,3210,134794,0.103
Mexico,MEX,5/18/2022,,,,,,341262,,,,,2620,134421,0.103
Mexico,MEX,5/19/2022,,,,,,264356,,,,,2029,134048,0.103
Mexico,MEX,5/20/2022,206941649,86858994,79947470,53001421,,187450,158.87,66.68,61.37,40.69,1439,133675,0.103
Mexico,MEX,5/21/2022,,,,,,142202,,,,,1092,101246,0.078
Mexico,MEX,5/22/2022,,,,,,96954,,,,,744,68817,0.053
Mexico,MEX,5/23/2022,,,,,,51706,,,,,397,36388,0.028
Mexico,MEX,5/24/2022,,,,,,68941,,,,,529,48517,0.037
Mexico,MEX,5/25/2022,,,,,,86176,,,,,662,60646,0.047
Mexico,MEX,5/26/2022,,,,,,103411,,,,,794,72775,0.056
Mexico,MEX,5/27/2022,,,,,,120646,,,,,926,84904,0.065
Mexico,MEX,5/28/2022,,,,,,120646,,,,,926,84904,0.065
Mexico,MEX,5/29/2022,,,,,,120646,,,,,926,84904,0.065
Mexico,MEX,5/30/2022,,,,,,120646,,,,,926,84904,0.065
Mexico,MEX,5/31/2022,,,,,,120646,,,,,926,84904,0.065
Mexico,MEX,6/1/2022,,,,,,120646,,,,,926,84904,0.065
Mexico,MEX,6/2/2022,,,,,,120646,,,,,926,84904,0.065
Mexico,MEX,6/3/2022,208630697,88047653,79947470,53063583,,120646,160.16,67.59,61.37,40.74,926,84904,0.065
